dataset,method,seed,inertia,iterations,converged,runtime_seconds
synthetic,random,10000,2777.254345389155,7,True,0.003153300000121817
synthetic,random,10001,2777.254345389155,7,True,0.002271400000608992
synthetic,random,10002,2777.257839463815,11,True,0.006035499998688465
synthetic,random,10003,2777.5652161720213,9,True,0.002741799999057548
synthetic,random,10004,2777.4921271778403,9,True,0.0023841999973228667
synthetic,random,10005,2777.254345389155,6,True,0.0015390999978990294
synthetic,random,10006,2777.257839463815,8,True,0.001995300000999123
synthetic,random,10007,2777.6915443429652,22,True,0.006987600001593819
synthetic,random,10008,2777.254345389155,9,True,0.0023103000021365006
synthetic,random,10009,2777.254345389155,10,True,0.002500399998098146
synthetic,random,10010,2777.254345389155,10,True,0.002482600000803359
synthetic,random,10011,2777.5652161720213,11,True,0.0027936000005865935
synthetic,random,10012,2777.6915443429652,11,True,0.004138199998124037
synthetic,random,10013,2777.257839463815,9,True,0.002239400000689784
synthetic,random,10014,2777.3280949898285,8,True,0.0019523000009940006
synthetic,random,10015,2777.4921271778403,7,True,0.0019365999978617765
synthetic,random,10016,2777.6915443429652,13,True,0.0032380000011471566
synthetic,random,10017,2777.3280949898285,11,True,0.0027306000010867137
synthetic,random,10018,2777.317219545398,9,True,0.00340660000074422
synthetic,random,10019,2777.257839463815,12,True,0.0035515000017767306
synthetic,random,10020,2777.309833190558,9,True,0.0026906000020971987
synthetic,random,10021,2777.3280949898285,10,True,0.002898899998399429
synthetic,random,10022,2777.317219545398,11,True,0.0035062000024481677
synthetic,random,10023,2777.6915443429652,8,True,0.003942100000131177
synthetic,random,10024,2777.317219545398,9,True,0.002871100001357263
synthetic,random,10025,2777.309833190558,8,True,0.0022147999989101663
synthetic,random,10026,2777.254345389155,11,True,0.0029598999972222373
synthetic,random,10027,2777.6915443429652,7,True,0.0018036000001302455
synthetic,random,10028,2777.257839463815,11,True,0.002874999998311978
synthetic,random,10029,2777.4921271778403,8,True,0.0033006999983626883
synthetic,kmeans++,10000,2777.6915443429652,10,True,0.002894099998229649
synthetic,kmeans++,10001,2777.257839463815,10,True,0.002710500000830507
synthetic,kmeans++,10002,2777.2933533839923,10,True,0.0027196000010007992
synthetic,kmeans++,10003,2777.4921271778403,6,True,0.0017827000010584015
synthetic,kmeans++,10004,2777.6915443429652,9,True,0.002478700000210665
synthetic,kmeans++,10005,2777.254345389155,4,True,0.0013304999993124511
synthetic,kmeans++,10006,2777.4921271778403,6,True,0.0032578999998804647
synthetic,kmeans++,10007,2777.257839463815,9,True,0.002526399999624118
synthetic,kmeans++,10008,2777.4921271778403,7,True,0.0019484999975247774
synthetic,kmeans++,10009,2777.257839463815,9,True,0.002389299999776995
synthetic,kmeans++,10010,2777.309833190558,9,True,0.0023724999991827644
synthetic,kmeans++,10011,2777.257839463815,7,True,0.0019245000003138557
synthetic,kmeans++,10012,2777.254345389155,10,True,0.002581000000645872
synthetic,kmeans++,10013,2777.254345389155,7,True,0.005132300000695977
synthetic,kmeans++,10014,2777.317219545398,12,True,0.0036782000024686567
synthetic,kmeans++,10015,2777.4921271778403,6,True,0.001876100002846215
synthetic,kmeans++,10016,2777.6915443429652,7,True,0.0020985000010114163
synthetic,kmeans++,10017,2777.605767525542,12,True,0.0033011999985319562
synthetic,kmeans++,10018,2777.254345389155,6,True,0.003276799998275237
synthetic,kmeans++,10019,2777.6915443429652,17,True,0.004522799998085247
synthetic,kmeans++,10020,2777.317219545398,9,True,0.0029251000014482997
synthetic,kmeans++,10021,2777.4921271778403,7,True,0.002147999999579042
synthetic,kmeans++,10022,2777.4921271778403,8,True,0.002224300002126256
synthetic,kmeans++,10023,2777.317219545398,11,True,0.004528000001300825
synthetic,kmeans++,10024,2777.6915443429652,10,True,0.003906600002665073
synthetic,kmeans++,10025,2777.257839463815,6,True,0.0017790000019886065
synthetic,kmeans++,10026,2777.4008760005318,6,True,0.0017246000024897512
synthetic,kmeans++,10027,2777.4921271778403,7,True,0.0022156999984872527
synthetic,kmeans++,10028,2777.2933533839923,9,True,0.002528999997593928
synthetic,kmeans++,10029,2777.317219545398,8,True,0.0038146000006236136
digits,random,10000,4570.583387098106,17,True,0.15038189999904716
digits,random,10001,4568.736403257841,13,True,0.11933329999737907
digits,random,10002,4711.288495134315,11,True,0.10716970000066794
digits,random,10003,4768.69645375743,18,True,0.15663510000013048
digits,random,10004,4748.106407932872,11,True,0.09996390000014799
digits,random,10005,4578.14952358416,16,True,0.14122879999922588
digits,random,10006,4553.276327455235,12,True,0.12253559999953723
digits,random,10007,4721.542937713092,13,True,0.12092960000154562
digits,random,10008,4612.329030405094,20,True,0.17885240000032354
digits,random,10009,4765.248989705309,11,True,0.10063169999921229
digits,random,10010,4568.662889435911,13,True,0.11963729999843054
digits,random,10011,4575.4566998932405,14,True,0.12631490000057966
digits,random,10012,4742.4414169889305,10,True,0.09796510000160197
digits,random,10013,4847.956964950297,11,True,0.10817319999841857
digits,random,10014,4551.84081188095,16,True,0.1422869999987597
digits,random,10015,4551.767770694431,16,True,0.15809610000360408
digits,random,10016,4551.866243454409,18,True,0.15809570000055828
digits,random,10017,4775.453656410769,13,True,0.11505919999763137
digits,random,10018,4575.4204955184,18,True,0.1580300999994506
digits,random,10019,4707.329093968943,15,True,0.1323523999999452
digits,random,10020,4731.654646077472,12,True,0.10854380000091624
digits,random,10021,4667.347460315508,23,True,0.20093690000067
digits,random,10022,4598.064765753294,18,True,0.1658041000009689
digits,random,10023,4668.908172218168,17,True,0.155930900000385
digits,random,10024,4742.3361211005795,24,True,0.21181910000086646
digits,random,10025,4590.220815084591,13,True,0.11935430000085034
digits,random,10026,4802.5436175467785,18,True,0.16123610000067856
digits,random,10027,4552.607528734249,14,True,0.12739930000316235
digits,random,10028,4551.706224893677,15,True,0.13788360000035027
digits,random,10029,4658.19111341879,13,True,0.11866720000034547
digits,kmeans++,10000,4552.236214372235,31,True,0.27773200000228826
digits,kmeans++,10001,4552.144297513063,22,True,0.19235780000235536
digits,kmeans++,10002,4597.827375277835,14,True,0.13732850000087637
digits,kmeans++,10003,4829.615398499192,17,True,0.15541029999803868
digits,kmeans++,10004,4570.417375916552,9,True,0.08595920000152546
digits,kmeans++,10005,4576.780462898109,11,True,0.10494040000048699
digits,kmeans++,10006,4570.6011674076835,16,True,0.14295950000087032
digits,kmeans++,10007,4663.192421727093,15,True,0.14293379999799072
digits,kmeans++,10008,4575.642261525156,12,True,0.1095668999987538
digits,kmeans++,10009,4552.034323088539,11,True,0.10659920000034617
digits,kmeans++,10010,4576.125421687233,17,True,0.15383600000131992
digits,kmeans++,10011,4551.814778162944,13,True,0.12077880000288133
digits,kmeans++,10012,4551.789789068154,18,True,0.1604062000005797
digits,kmeans++,10013,4629.254816589317,15,True,0.13599079999767127
digits,kmeans++,10014,4551.629858711235,16,True,0.14202900000236696
digits,kmeans++,10015,4570.361176352796,14,True,0.126531599998998
digits,kmeans++,10016,4748.197537385178,20,True,0.17301080000106595
digits,kmeans++,10017,4726.141777148938,14,True,0.12502190000304836
digits,kmeans++,10018,4597.8800751864765,13,True,0.11962149999817484
digits,kmeans++,10019,4577.477649592987,18,True,0.16074969999681343
digits,kmeans++,10020,4563.997760869284,21,True,0.18653420000191545
digits,kmeans++,10021,4606.462333670996,12,True,0.11237059999984922
digits,kmeans++,10022,4572.15147970522,12,True,0.11120369999844115
digits,kmeans++,10023,4575.77337606972,15,True,0.1332799999981944
digits,kmeans++,10024,4658.826054509693,23,True,0.20228990000032354
digits,kmeans++,10025,4574.256601463816,8,True,0.07625329999791575
digits,kmeans++,10026,4576.425811990481,15,True,0.1370721000021149
digits,kmeans++,10027,4756.604697893326,17,True,0.1560179000007338
digits,kmeans++,10028,4927.275815433284,15,True,0.13763860000108252
digits,kmeans++,10029,4606.331976603677,17,True,0.15505560000019614
